Year,Glob,NHem,SHem,24N-90N,24S-24N,90S-24S,64N-90N,44N-64N,24N-44N,EQU-24N,24S-EQU,44S-24S,64S-44S,90S-64S,CH[4],CO[2],N[2]*O,CSIRO Adjusted Sea Level,Lower Error Bound,Upper Error Bound,NOAA Adjusted Sea Level
1880,-0.17,-0.29,-0.04,-0.37,-0.12,-0.02,-0.8,-0.48,-0.29,-0.16,-0.09,-0.04,0.05,0.66,109.839825798234,7897.38313333334,1.846730013569403,0.0,-0.952755905,0.952755905,
1881,-0.08,-0.18,0.01,-0.35,0.11,-0.07,-0.91,-0.43,-0.21,0.09,0.12,-0.05,-0.07,0.58,111.086810200912,7947.90770466666,1.867070365896361,0.220472441,-0.732283464,1.173228345,
1882,-0.11,-0.22,-0.01,-0.31,-0.04,0.01,-1.41,-0.26,-0.17,-0.06,-0.03,0.01,0.04,0.61,112.358352871944,8171.126698,1.884568742916042,-0.440944881,-1.346456692,0.464566929,
1883,-0.17,-0.29,-0.06,-0.35,-0.16,-0.01,-0.19,-0.54,-0.28,-0.18,-0.14,-0.04,0.07,0.49,113.74201563897,8411.15130133334,1.89979657093672,-0.232283464,-1.129921259,0.66535433,
1884,-0.28,-0.43,-0.14,-0.6,-0.14,-0.14,-1.3,-0.62,-0.48,-0.13,-0.15,-0.19,-0.02,0.64,114.611281922282,8472.98179266666,1.9133252679676471,0.590551181,-0.283464567,1.464566928,
1885,-0.33,-0.43,-0.24,-0.65,-0.13,-0.27,-1.5,-0.66,-0.47,-0.07,-0.18,-0.34,-0.15,0.81,115.47197277288,8495.95126533334,1.925726346231734,0.531496062,-0.330708661,1.393700786,
1886,-0.31,-0.43,-0.19,-0.57,-0.19,-0.21,-1.58,-0.49,-0.41,-0.21,-0.17,-0.2,-0.2,0.58,116.415941479104,8583.88731866666,1.937571147855134,0.437007874,-0.381889763,1.255905511,
1887,-0.36,-0.44,-0.28,-0.53,-0.29,-0.28,-1.76,-0.5,-0.31,-0.3,-0.29,-0.28,-0.26,0.31,117.723752059886,8792.915669333339,1.949431195814122,0.216535433,-0.602362204,1.03543307,
1888,-0.17,-0.23,-0.11,-0.42,0.11,-0.29,-1.29,-0.42,-0.26,0.07,0.15,-0.31,-0.23,0.15,119.477366088868,9021.073602,1.9618778911747456,0.299212598,-0.519685039,1.118110235,
1889,-0.1,-0.17,-0.03,-0.29,0.09,-0.16,-0.67,-0.21,-0.28,0.02,0.16,-0.15,-0.15,0.44,120.367812485262,9062.63155,1.975482704537702,0.362204724,-0.456692913,1.181102361,
1890,-0.35,-0.38,-0.32,-0.45,-0.36,-0.23,-1.14,-0.55,-0.27,-0.27,-0.46,-0.18,-0.27,0.14,122.19031735078,9518.615464,2.055650347642295,0.440944881,-0.374015748,1.255905511,
1891,-0.22,-0.26,-0.19,-0.43,-0.07,-0.22,-1.12,-0.34,-0.37,0.0,-0.15,-0.18,-0.24,-0.17,123.532473879764,9831.57484266666,2.077788454462982,0.374015748,-0.440944881,1.188976377,
1892,-0.27,-0.4,-0.15,-0.44,-0.29,-0.08,-1.13,-0.65,-0.18,-0.34,-0.25,0.02,-0.21,0.08,124.462523755332,9925.756828,2.101153991122504,0.499999999,-0.31496063,1.314960629,
1893,-0.31,-0.47,-0.15,-0.51,-0.36,-0.05,-0.65,-0.55,-0.48,-0.42,-0.29,0.07,-0.2,-0.05,125.02484020555,10028.91317666666,2.125428180989077,0.685039369,-0.114173228,1.484251967,
1894,-0.3,-0.38,-0.21,-0.32,-0.33,-0.24,-0.9,-0.32,-0.19,-0.48,-0.17,-0.15,-0.35,-0.39,126.407935141412,10193.81080333334,2.150292203672743,0.303149606,-0.547244094,1.153543306,
1895,-0.22,-0.3,-0.15,-0.4,-0.07,-0.26,-0.63,-0.52,-0.28,-0.14,0.01,-0.2,-0.32,-0.59,128.020503368298,10443.602906,2.175427027152221,0.767716535,-0.082677165,1.618110235,
1896,-0.11,-0.19,-0.03,-0.34,0.1,-0.16,-0.82,-0.36,-0.23,0.05,0.16,-0.16,-0.13,0.24,129.209749363232,10607.12106333334,2.200513980963383,0.468503937,-0.366141732,1.303149605,
1897,-0.11,-0.16,-0.05,-0.35,0.17,-0.24,-0.5,-0.46,-0.25,0.13,0.22,-0.2,-0.27,0.39,130.715823961394,10828.02972466666,2.225234101794016,0.673228346,-0.145669291,1.492125983,
1898,-0.27,-0.29,-0.26,-0.35,-0.22,-0.27,-1.13,-0.24,-0.24,-0.19,-0.25,-0.28,-0.21,0.37,132.30258931692,11066.89540333334,2.2492687769798447,1.043307086,0.267716535,1.818897636,
1899,-0.17,-0.21,-0.14,-0.24,-0.11,-0.19,-1.0,-0.09,-0.15,-0.16,-0.07,-0.16,-0.22,0.57,134.48530177369,11463.75574133334,2.272299008966104,1.338582676,0.574803149,2.102362203,
1900,-0.08,-0.09,-0.06,-0.2,0.18,-0.3,-0.52,-0.15,-0.15,0.09,0.27,-0.29,-0.29,0.26,136.33153558942,11895.29766266666,2.294006028618959,1.125984251,0.405511811,1.846456691,
1901,-0.15,-0.12,-0.18,-0.16,-0.03,-0.31,-0.36,-0.1,-0.15,-0.06,0.0,-0.28,-0.34,0.25,137.801228491868,12123.91853666666,2.317134664792717,1.110236219,0.417322834,1.803149604,
1902,-0.27,-0.32,-0.22,-0.51,-0.03,-0.35,-1.28,-0.49,-0.32,-0.03,-0.04,-0.28,-0.43,-0.06,139.062679162928,12356.761052000002,2.3440851492911223,1.291338581,0.61023622,1.972440943,
1903,-0.37,-0.37,-0.36,-0.45,-0.28,-0.39,-0.17,-0.41,-0.56,-0.24,-0.32,-0.36,-0.4,-0.5,141.488276313614,12755.121052,2.374021724505659,1.606299211,0.937007873,2.275590549,
1904,-0.47,-0.48,-0.46,-0.5,-0.46,-0.44,-0.12,-0.59,-0.55,-0.44,-0.48,-0.38,-0.49,-1.33,142.613456849968,12931.554216,2.406108400647658,1.2007874,0.53543307,1.86614173,
1905,-0.26,-0.29,-0.22,-0.4,-0.08,-0.36,-0.02,-0.22,-0.63,-0.12,-0.04,-0.33,-0.37,-0.34,144.427888240156,13297.96020933334,2.4395092744391818,0.984251968,0.377952756,1.590551179,
1906,-0.22,-0.24,-0.21,-0.25,-0.19,-0.24,-0.24,-0.06,-0.4,-0.22,-0.16,-0.21,-0.22,-0.72,146.69491252636402,13543.40925066666,2.473388500749382,1.251968503,0.673228346,1.83070866,
1907,-0.38,-0.47,-0.29,-0.58,-0.3,-0.29,-0.53,-0.71,-0.52,-0.31,-0.29,-0.21,-0.37,-1.21,150.209391998254,14325.96108266666,2.506910011935923,1.196850392,0.61023622,1.783464565,
1908,-0.43,-0.46,-0.4,-0.48,-0.44,-0.36,-0.19,-0.54,-0.52,-0.43,-0.44,-0.29,-0.48,0.67,150.297975670348,14165.79795866666,2.539238032340064,1.098425196,0.527559055,1.669291337,
1909,-0.48,-0.5,-0.47,-0.53,-0.48,-0.44,-0.71,-0.62,-0.45,-0.45,-0.51,-0.38,-0.52,-0.58,152.353217120624,14445.14811866666,2.5695366120329592,1.27559055,0.700787401,1.850393699,
1910,-0.43,-0.44,-0.43,-0.41,-0.48,-0.38,-0.53,-0.24,-0.5,-0.48,-0.48,-0.33,-0.45,0.15,154.319707948038,14692.18264,2.5969698065794398,1.271653542,0.696850393,1.846456691,
1911,-0.44,-0.42,-0.45,-0.42,-0.42,-0.48,-0.23,-0.42,-0.47,-0.43,-0.41,-0.44,-0.53,0.04,155.907933957662,14765.50778733334,2.627997257516115,1.598425195,1.039370078,2.157480313,
1912,-0.36,-0.46,-0.24,-0.59,-0.18,-0.37,-0.47,-0.79,-0.51,-0.27,-0.08,-0.37,-0.29,-1.64,157.659041668732,14952.84588933334,2.6682985683366978,1.476377951,0.917322834,2.035433069,
1913,-0.34,-0.42,-0.26,-0.44,-0.27,-0.35,-0.46,-0.33,-0.51,-0.39,-0.14,-0.29,-0.4,-1.05,160.608687990504,15463.46699666666,2.715869720541578,1.547244093,0.992125983,2.102362203,
1914,-0.15,-0.19,-0.1,-0.24,-0.06,-0.18,-0.32,-0.16,-0.29,-0.11,0.0,-0.16,-0.18,-0.37,158.972444348158,14801.900526,2.768700125743601,1.795275589,1.251968503,2.338582675,
1915,-0.14,-0.14,-0.13,-0.23,-0.01,-0.22,-0.56,-0.17,-0.19,-0.02,0.0,-0.15,-0.23,-1.99,159.744274465556,14621.723664,2.824790142980657,2.10629921,1.57086614,2.641732281,
1916,-0.36,-0.42,-0.3,-0.37,-0.45,-0.23,-0.41,-0.54,-0.25,-0.5,-0.39,-0.23,-0.17,-1.06,162.711159688078,15015.65411,2.882132014140942,2.031496061,1.519685038,2.543307084,
1917,-0.46,-0.58,-0.36,-0.5,-0.63,-0.19,-0.78,-0.5,-0.44,-0.69,-0.57,-0.23,-0.09,0.05,164.95267421059,15324.474412,2.938720235325435,1.854330707,1.350393699,2.358267714,
1918,-0.29,-0.4,-0.2,-0.41,-0.33,-0.14,-0.98,-0.27,-0.35,-0.38,-0.27,-0.06,-0.23,-0.29,164.510368378478,15269.397492,2.9925493105811656,1.791338581,1.291338581,2.29133858,
1919,-0.28,-0.35,-0.2,-0.44,-0.19,-0.23,-0.68,-0.56,-0.31,-0.23,-0.16,-0.15,-0.32,0.19,162.507995449256,14287.40398466666,3.0416152798929588,1.854330707,1.354330707,2.354330706,
1920,-0.27,-0.3,-0.24,-0.25,-0.25,-0.33,0.02,-0.2,-0.35,-0.37,-0.12,-0.19,-0.48,-1.15,167.009571479478,15541.64004266666,3.083909977988797,1.905511809,1.393700786,2.417322832,
1921,-0.19,-0.11,-0.26,0.02,-0.25,-0.31,0.04,0.17,-0.09,-0.29,-0.2,-0.23,-0.38,-0.85,164.207836986028,14896.43940733334,3.124060056157856,1.988188974,1.472440943,2.503937005,
1922,-0.28,-0.27,-0.29,-0.24,-0.31,-0.28,-0.27,-0.4,-0.14,-0.32,-0.31,-0.25,-0.29,-0.29,167.67099213680598,15308.84463333334,3.1672076268928957,1.952755904,1.433070865,2.472440942,
1923,-0.26,-0.22,-0.31,-0.15,-0.29,-0.34,0.21,-0.15,-0.26,-0.32,-0.26,-0.27,-0.41,-0.55,173.143886199652,16204.16815733334,3.2121183572334218,1.999999998,1.488188975,2.511811021,
1924,-0.27,-0.18,-0.35,-0.13,-0.25,-0.44,0.49,-0.25,-0.23,-0.26,-0.24,-0.4,-0.45,-0.54,175.150466277944,16284.475432,3.257559653782378,1.712598423,1.196850392,2.228346454,
1925,-0.22,-0.14,-0.3,-0.04,-0.23,-0.38,-0.05,0.18,-0.19,-0.28,-0.19,-0.25,-0.55,-0.87,176.825110661826,16475.40003666666,3.3022989543525814,1.791338581,1.255905511,2.326771651,
1926,-0.11,0.02,-0.21,0.03,0.02,-0.41,0.59,0.16,-0.22,0.01,0.03,-0.35,-0.45,-0.64,177.47163854708,16317.927918,3.345102632481561,2.047244092,1.507874014,2.586614171,
1927,-0.22,-0.13,-0.29,-0.13,-0.15,-0.39,0.05,-0.22,-0.13,-0.14,-0.17,-0.31,-0.45,-1.39,182.520504184466,17011.524436666663,3.384738754218756,2.003937006,1.496062991,2.511811021,
1928,-0.2,-0.1,-0.29,-0.07,-0.14,-0.4,0.73,-0.17,-0.23,-0.14,-0.15,-0.29,-0.48,-2.13,183.74933500436,17011.29640266666,3.4199736126497378,1.850393699,1.366141731,2.334645667,
1929,-0.36,-0.33,-0.38,-0.38,-0.27,-0.46,0.16,-0.62,-0.38,-0.27,-0.27,-0.43,-0.44,-1.09,187.799146549732,17604.09272133334,3.4495746205293134,1.905511809,1.429133857,2.381889761,
1930,-0.15,-0.01,-0.29,0.04,-0.1,-0.42,0.55,0.04,-0.11,-0.09,-0.11,-0.33,-0.47,-2.6,188.06841802616,16985.37001466666,3.472307483086403,2.062992124,1.590551179,2.535433068,
1931,-0.09,0.05,-0.21,0.01,0.09,-0.43,0.58,-0.04,-0.14,0.11,0.07,-0.42,-0.4,-0.42,187.232149526244,16274.281371333342,3.490758532503238,2.047244092,1.566929132,2.527559053,
1932,-0.15,-0.05,-0.25,0.04,-0.15,-0.35,0.5,0.19,-0.21,-0.18,-0.12,-0.21,-0.53,-1.0,187.090896216686,15688.56281066666,3.508795206841995,2.271653541,1.803149604,2.740157478,
1933,-0.28,-0.25,-0.31,-0.24,-0.27,-0.34,-0.15,-0.47,-0.12,-0.28,-0.27,-0.22,-0.48,-1.16,190.171750219878,16075.628175999998,3.5271076355571243,2.440944879,1.976377951,2.905511808,
1934,-0.12,0.0,-0.25,0.18,-0.24,-0.26,0.89,0.31,-0.13,-0.25,-0.23,-0.15,-0.38,-0.58,194.743110213338,16729.380208,3.54638619318004,2.228346454,1.759842518,2.696850391,
1935,-0.2,-0.09,-0.29,-0.04,-0.17,-0.38,0.36,-0.05,-0.16,-0.16,-0.19,-0.3,-0.42,-1.72,198.286939638166,17091.08644266666,3.567320367279656,2.448818895,1.980314959,2.917322832,
1936,-0.14,-0.03,-0.25,-0.02,-0.12,-0.3,0.41,0.1,-0.25,-0.04,-0.19,-0.27,-0.33,-0.04,203.788963746512,17893.328032666657,3.590599819363524,2.295275588,1.83070866,2.759842517,
1937,-0.03,0.12,-0.17,0.2,-0.05,-0.22,1.25,0.03,-0.03,0.01,-0.1,-0.19,-0.26,0.35,208.208654027608,18478.01139133334,3.616915523629986,2.519685037,2.055118108,2.984251965,
1938,0.0,0.16,-0.17,0.39,-0.22,-0.1,1.51,0.39,0.03,-0.18,-0.26,-0.06,-0.11,-0.87,208.891259868606,17996.938999333343,3.646956327060458,2.622047241,2.157480313,3.08661417,
1939,-0.02,0.09,-0.12,0.23,-0.12,-0.12,0.57,0.28,0.08,-0.11,-0.12,-0.04,-0.19,-1.61,212.945483133688,18499.29789333334,3.6814130267664,2.826771651,2.346456691,3.307086611,
1940,0.13,0.18,0.1,0.11,0.29,-0.07,1.01,-0.02,-0.09,0.27,0.3,0.03,-0.2,-0.06,217.578585834764,19729.89108133334,3.720975994661206,2.618110234,2.18110236,3.055118107,
1941,0.19,0.23,0.17,0.01,0.5,-0.05,0.01,-0.1,0.08,0.54,0.45,0.03,-0.15,-0.48,221.284997496842,20254.60518266663,3.855433499445439,3.098425194,2.673228344,3.523622044,
1942,0.07,0.13,0.01,0.13,0.08,-0.01,0.74,-0.07,0.06,0.11,0.04,0.06,-0.05,-0.91,223.918469859894,20292.782016,4.148917127450757,3.098425194,2.673228344,3.523622044,
1943,0.09,0.18,-0.01,0.37,-0.08,0.04,1.42,0.28,0.11,-0.11,-0.05,0.07,0.0,1.13,228.38891007347,20486.03955533337,4.5635980026298455,3.098425194,2.673228344,3.523622044,
1944,0.2,0.27,0.14,0.38,0.19,0.05,1.19,0.47,0.1,0.11,0.27,0.18,-0.1,-0.95,231.809005349322,20633.32530466663,5.061653396940384,2.84645669,2.425196848,3.267716532,
1945,0.09,0.11,0.09,0.11,0.17,-0.03,0.64,-0.03,0.04,0.1,0.24,0.03,0.0,-1.79,229.954897721412,18850.22944,5.605262002163196,2.95669291,2.535433068,3.377952752,
1946,-0.07,0.03,-0.17,0.07,-0.04,-0.24,-0.02,-0.05,0.17,-0.02,-0.06,-0.22,-0.24,-0.19,236.914501650938,19594.880321333338,6.156597558627058,3.251968501,2.834645666,3.669291335,
1947,-0.03,0.08,-0.13,0.16,-0.06,-0.17,1.07,-0.13,0.05,-0.03,-0.08,-0.2,-0.08,-0.23,244.942106121928,20490.086776,6.677836212616857,3.374015745,2.996062989,3.7519685,
1948,-0.1,-0.01,-0.19,0.13,-0.18,-0.24,0.12,0.31,0.01,-0.23,-0.13,-0.2,-0.19,-1.39,248.964406928004,20938.892258,7.131154391115942,3.562992122,3.19685039,3.929133854,
1949,-0.11,-0.02,-0.19,0.12,-0.19,-0.23,0.21,0.17,0.05,-0.23,-0.14,-0.18,-0.15,-1.99,252.44930702121,20477.14903866663,7.478729962572443,3.51181102,3.181102359,3.842519681,
1950,-0.17,-0.15,-0.2,-0.05,-0.29,-0.15,0.2,-0.31,0.04,-0.3,-0.27,-0.06,-0.16,-0.87,258.98982856013,22839.94638466663,7.682736721190893,3.598425193,3.287401571,3.909448815,
1951,-0.07,0.05,-0.18,0.08,-0.06,-0.23,0.09,0.01,0.12,0.0,-0.11,-0.22,-0.16,-0.7,267.707006905096,23940.23243266663,7.8049190715954655,3.972440941,3.665354327,4.279527555,
1952,0.01,0.06,-0.03,0.11,0.02,-0.09,0.27,-0.09,0.19,-0.01,0.05,-0.1,-0.02,-0.51,273.92535762572,24360.630170666627,7.933072383769602,3.870078736,3.56692913,4.173228342,
1953,0.08,0.25,-0.08,0.36,0.07,-0.19,1.02,0.36,0.14,0.08,0.07,-0.08,-0.24,-1.11,280.983301441422,24939.703758,8.068451889414296,4.043307082,3.748031492,4.338582673,
1954,-0.13,-0.01,-0.25,0.07,-0.21,-0.22,0.8,-0.21,0.0,-0.14,-0.28,-0.18,-0.2,-0.82,288.758155322028,25567.94196533337,8.212316971872783,3.929133854,3.64173228,4.216535429,
1955,-0.14,-0.09,-0.2,0.05,-0.34,-0.06,-0.24,-0.11,0.23,-0.29,-0.38,-0.16,-0.08,1.22,302.772112489728,27237.211686666637,8.36592289395104,3.964566925,3.685039366,4.244094484,
1956,-0.19,-0.23,-0.16,-0.2,-0.33,0.0,0.01,-0.47,-0.08,-0.28,-0.37,-0.14,0.02,0.76,312.735147286652,28609.13907333337,8.53052717061834,3.763779524,3.488188973,4.039370075,
1957,0.05,0.04,0.05,0.03,0.08,0.02,0.09,0.22,-0.11,0.05,0.1,-0.09,-0.02,0.49,322.56254378463,29515.15107,8.70738734362265,4.291338578,4.019685035,4.562992121,
1958,0.06,0.15,-0.03,0.08,0.2,-0.15,-0.17,0.14,0.12,0.26,0.15,-0.08,-0.08,-0.53,330.080125467922,30363.99859866663,8.89775864974746,4.346456688,4.086614169,4.606299208,
1959,0.03,0.12,-0.06,0.16,0.07,-0.16,0.49,0.18,0.04,0.07,0.08,-0.03,-0.26,-0.36,345.03008464076,31941.86235333337,9.10289901494808,4.358267712,4.102362201,4.614173224,
1960,-0.03,0.08,-0.13,0.09,0.02,-0.2,0.33,-0.07,0.11,0.06,-0.02,-0.1,-0.07,-0.75,354.83462843184,31909.128814,9.38153740371224,4.503937003,4.244094484,4.763779523,
1961,0.06,0.09,0.03,0.19,-0.03,0.05,-0.15,0.38,0.18,-0.07,0.0,0.14,-0.17,0.21,358.873538091778,31044.83758533337,9.8810939046555,4.748031491,4.488188972,5.007874011,
1962,0.03,0.13,-0.06,0.24,-0.05,-0.08,0.44,0.31,0.14,-0.04,-0.05,0.09,-0.07,-0.65,365.168736588238,31277.96513,10.21139351208956,4.543307082,4.283464563,4.803149601,
1963,0.05,0.14,-0.03,0.14,0.12,-0.12,-0.16,0.31,0.13,0.14,0.1,-0.1,-0.17,-0.03,374.604556461196,31839.414296000003,10.53785590386438,4.480314956,4.220472437,4.740157475,
1964,-0.2,-0.19,-0.2,-0.23,-0.14,-0.24,-0.66,-0.2,-0.12,-0.14,-0.14,-0.3,-0.07,-0.38,382.750550085824,32599.97696333337,10.90735031836046,4.169291334,3.905511807,4.433070862,
1965,-0.11,-0.14,-0.07,-0.18,-0.03,-0.13,-0.28,-0.24,-0.12,-0.08,0.02,-0.23,-0.03,-0.01,393.60442141434,32756.340004,11.32641987696754,4.610236216,4.346456688,4.874015743,
1966,-0.06,-0.02,-0.09,-0.14,0.08,-0.15,-0.76,-0.19,0.09,0.16,-0.01,-0.23,-0.14,0.11,408.740406474584,33414.54188533337,11.795272640046232,4.397637791,4.137795271,4.65748031,
1967,-0.02,0.03,-0.08,0.12,-0.14,-0.01,0.36,0.26,-0.05,-0.11,-0.17,-0.09,-0.02,0.3,414.615825776084,34322.23152533337,12.21212547645563,4.452755901,4.196850389,4.708661413,
1968,-0.08,-0.07,-0.09,-0.11,-0.07,-0.08,-0.33,-0.02,-0.08,-0.02,-0.11,-0.14,0.0,-0.08,422.2204290787,35762.8241,12.593615026515089,4.484251964,4.220472437,4.748031491,
1969,0.05,-0.03,0.14,-0.29,0.33,0.02,-0.04,-0.61,-0.17,0.35,0.32,0.0,0.13,-0.14,434.085962431236,36854.079148,12.85906937751898,4.751968499,4.476377948,5.02755905,
1970,0.03,-0.04,0.09,-0.11,0.06,0.11,-0.21,-0.13,-0.06,0.07,0.06,0.11,0.03,0.31,444.045828997886,38978.67954333337,12.97253680912314,4.67716535,4.401574799,4.9527559,
1971,-0.08,-0.15,-0.02,-0.06,-0.26,0.13,-0.08,0.01,-0.1,-0.3,-0.22,0.03,0.16,0.44,445.599833251024,40165.66416,12.88804436238646,4.881889759,4.610236216,5.153543302,
1972,0.01,-0.18,0.2,-0.34,0.16,0.14,-0.36,-0.47,-0.25,0.06,0.26,0.16,-0.02,0.45,455.065620243086,41622.294882,13.35202604523124,5.240157475,4.968503932,5.511811018,
1973,0.16,0.09,0.23,0.1,0.19,0.18,0.07,0.27,0.01,0.08,0.3,0.22,0.08,0.34,466.521173902606,43049.17969,13.75162483407784,5.003937003,4.736220468,5.271653538,
1974,-0.07,-0.18,0.03,-0.15,-0.2,0.18,-0.19,-0.07,-0.18,-0.23,-0.17,0.22,-0.08,0.65,469.206011077546,42658.264236,13.8916282490076,5.472440939,5.204724404,5.740157474,
1975,-0.01,-0.06,0.02,0.12,-0.24,0.16,0.09,0.39,-0.05,-0.31,-0.17,0.13,0.14,0.29,476.494674326584,42828.62297,14.28453113177178,5.409448813,5.145669286,5.673228341,
1976,-0.1,-0.21,0.01,-0.26,-0.12,0.09,-0.08,-0.32,-0.28,-0.13,-0.1,0.1,0.22,-0.24,483.589474451726,44571.56147866664,14.64087085838366,5.370078735,5.1023622,5.63779527,
1977,0.18,0.12,0.24,0.13,0.16,0.25,0.16,0.24,0.06,0.09,0.22,0.22,0.31,0.28,490.357723213836,45799.01445466663,14.98946545133234,5.303149601,5.043307081,5.56299212,
1978,0.07,0.02,0.11,-0.04,0.07,0.16,-0.16,0.04,-0.04,0.1,0.05,0.21,0.13,0.04,493.244985389706,46581.60438133337,15.24288784348734,5.555118105,5.291338577,5.818897632,
1979,0.16,0.08,0.25,-0.03,0.26,0.23,-0.6,0.07,0.08,0.25,0.27,0.3,0.33,-0.2,505.9324413906,47332.69061333337,15.76936375244316,5.362204719,5.098425192,5.625984246,
1980,0.26,0.17,0.35,0.06,0.31,0.39,0.25,0.02,0.02,0.32,0.29,0.35,0.37,0.59,504.444350735096,47151.13566133337,15.88339781040374,5.598425191,5.34251968,5.854330703,
1981,0.32,0.37,0.27,0.47,0.18,0.36,1.09,0.78,0.08,0.22,0.14,0.28,0.39,0.61,493.381732755652,46834.054692000005,15.53529050688414,6.086614167,5.830708655,6.342519679,
1982,0.14,0.05,0.23,-0.08,0.27,0.18,-0.4,0.09,-0.09,0.25,0.29,0.19,0.32,-0.11,499.71741254285,46564.79685466662,15.6955730814216,5.858267711,5.610236215,6.106299206,
1983,0.31,0.25,0.38,0.22,0.43,0.25,0.19,0.69,-0.07,0.29,0.58,0.21,0.41,0.05,500.893318493884,47602.258226,15.81510213739448,6.188976372,5.93307086,6.444881883,
1984,0.16,0.04,0.28,0.01,0.18,0.26,0.36,0.08,-0.14,0.07,0.3,0.16,0.32,0.51,507.980721272006,49917.786118,15.99737611431066,6.153543301,5.905511805,6.401574797,
1985,0.12,0.0,0.24,-0.03,0.09,0.3,0.39,-0.27,-0.02,0.04,0.14,0.3,0.44,0.04,516.173457303284,50780.402028,16.0885291589098,5.74803149,5.499999994,5.996062986,
1986,0.18,0.13,0.23,0.1,0.22,0.2,0.01,0.28,0.03,0.17,0.27,0.25,0.25,-0.11,522.822748879916,51458.114266,16.093819729047823,5.771653537,5.523622042,6.019685033,
1987,0.32,0.24,0.4,0.04,0.58,0.25,-0.36,0.13,0.12,0.55,0.62,0.32,0.25,0.0,528.572331950576,52740.470124,16.36586331057102,5.795275585,5.551181097,6.039370073,
1988,0.39,0.37,0.41,0.4,0.37,0.39,0.59,0.57,0.24,0.32,0.42,0.38,0.2,0.88,537.712880894674,54299.72649266663,16.31918554103526,5.980314955,5.732283459,6.22834645,
1989,0.27,0.27,0.27,0.4,0.13,0.34,0.33,0.69,0.25,0.07,0.19,0.36,0.3,0.36,550.181060908724,54527.02728466664,16.52963272336508,6.157480309,5.905511805,6.409448812,
1990,0.45,0.53,0.37,0.63,0.37,0.37,0.58,0.88,0.48,0.38,0.36,0.38,0.37,0.35,557.347853088842,55237.96915133337,16.6073472694206,6.232283458,5.972440939,6.492125978,
1991,0.4,0.41,0.4,0.47,0.36,0.39,0.75,0.66,0.26,0.32,0.4,0.31,0.29,0.95,555.176084854272,55976.84628466663,16.544728235203,6.334645663,6.074803143,6.594488182,
1992,0.22,0.13,0.31,0.09,0.28,0.27,-0.16,0.44,-0.04,0.19,0.36,0.2,0.33,0.4,555.134862128548,54912.48223866663,16.5578800588344,6.35826771,6.094488183,6.622047237,
1993,0.23,0.19,0.28,0.13,0.32,0.22,0.55,0.29,-0.11,0.28,0.35,0.27,0.39,-0.31,556.390777834894,55343.43958333337,16.465721753547797,6.291338576,6.027559049,6.555118104,6.297493046
1994,0.31,0.37,0.26,0.43,0.31,0.21,0.35,0.5,0.41,0.28,0.34,0.27,0.23,-0.05,561.491041963522,56498.652974,16.7126688329296,6.499999993,6.236220466,6.763779521,6.310933553
1995,0.45,0.58,0.32,0.7,0.42,0.22,1.32,0.98,0.31,0.4,0.44,0.29,0.15,0.14,569.8104017593,57456.65121933338,17.2087629579526,6.618110229,6.354330702,6.881889757,6.452568661
1996,0.33,0.26,0.39,0.23,0.32,0.43,0.77,0.17,0.1,0.31,0.32,0.33,0.28,1.19,575.532608473592,58852.655928,17.481387325684,6.787401568,6.523622041,7.051181095,6.62763131
1997,0.46,0.52,0.41,0.53,0.51,0.33,0.77,0.9,0.22,0.5,0.52,0.42,0.36,-0.04,575.506520686232,62778.40138266663,17.355046579261,7.066929127,6.803149599,7.330708654,6.733920367
1998,0.61,0.71,0.51,0.78,0.69,0.32,0.87,0.94,0.65,0.6,0.79,0.39,0.31,0.11,571.980592545464,59367.46231866663,17.3221370143952,6.665354324,6.393700781,6.937007867,6.865806069
1999,0.38,0.48,0.28,0.7,0.2,0.3,0.41,0.8,0.73,0.16,0.25,0.46,0.19,-0.01,575.291685167934,60401.40520466663,17.4196975010342,7.011811016,6.736220466,7.287401567,6.848689771
2000,0.39,0.5,0.28,0.7,0.24,0.29,0.98,0.8,0.55,0.21,0.28,0.42,0.1,0.26,586.006099006342,61098.41791533337,17.534291570495,7.062992119,6.791338576,7.334645662,6.920582014
2001,0.54,0.64,0.43,0.8,0.42,0.42,1.08,0.86,0.68,0.4,0.44,0.58,0.24,0.25,586.79567721575,60777.26124466663,17.6000431717098,7.287401567,7.019685032,7.555118103,7.087460011
2002,0.63,0.72,0.54,0.83,0.59,0.47,1.26,1.0,0.58,0.55,0.63,0.5,0.32,0.75,586.511200595204,62877.34908333337,17.8312614457408,7.381889756,7.110236213,7.653543299,7.319697525
2003,0.62,0.75,0.49,0.84,0.64,0.37,1.51,0.98,0.54,0.61,0.66,0.44,0.24,0.37,602.095013412158,66562.39785933337,17.891890977969,7.759842512,7.484251961,8.035433063,7.488352718
2004,0.53,0.66,0.41,0.72,0.55,0.32,0.47,0.95,0.66,0.56,0.53,0.48,0.23,-0.05,614.982879424936,67951.08261066664,18.4848367601366,7.740157472,7.464566922,8.015748023,7.507932839
2005,0.67,0.86,0.49,1.01,0.62,0.41,1.99,1.22,0.57,0.62,0.61,0.49,0.19,0.65,625.936284851144,68622.10074066663,18.6270624640048,7.74409448,7.472440937,8.015748023,7.644563144
2006,0.63,0.82,0.45,0.98,0.55,0.39,1.74,1.06,0.69,0.57,0.54,0.51,0.19,0.41,637.173222891934,71288.23743266663,18.8631935200452,7.917322827,7.645669284,8.18897637,7.697420009
2007,0.66,0.85,0.47,1.13,0.46,0.47,2.12,1.32,0.69,0.45,0.47,0.49,0.07,1.21,642.449777396102,71839.18148266664,19.404502549905203,7.996062984,7.712598417,8.279527551,7.70214715
2008,0.54,0.68,0.4,0.92,0.37,0.39,1.54,1.08,0.61,0.34,0.41,0.52,0.09,0.58,649.892270646564,73408.71646266663,19.1872629208778,8.350393692,8.078740149,8.622047235,7.90736541
2009,0.65,0.72,0.59,0.78,0.67,0.51,1.42,0.6,0.68,0.65,0.7,0.6,0.15,0.95,646.617719137118,73145.61221600001,18.9824474950964,8.586614164,8.311023614,8.862204715,8.04635409
2010,0.72,0.9,0.54,1.02,0.68,0.47,2.22,0.86,0.74,0.72,0.64,0.63,0.2,0.5,658.02965173122,76356.48330266663,19.3482404882038,8.901574794,8.618110227,9.185039361,8.122972567
2011,0.61,0.74,0.47,0.99,0.36,0.56,2.36,0.93,0.58,0.39,0.34,0.64,0.18,1.09,674.15266597928,78851.24495066665,20.0837696298074,8.96456692,8.661417314,9.267716526,8.053065004
2012,0.65,0.81,0.48,1.04,0.52,0.42,2.22,0.93,0.74,0.48,0.56,0.56,0.19,0.41,682.51823611648,79617.764116,20.3061041846048,9.326771644,8.992125975,9.661417313,8.457057629
2013,0.67,0.8,0.55,0.95,0.57,0.53,1.55,1.04,0.69,0.58,0.57,0.62,0.23,0.86,681.49637540836,79843.56833733336,20.2220180411658,8.980314951,8.622047235,9.338582668,8.546648227
2014,0.74,0.92,0.57,1.07,0.66,0.52,2.04,1.14,0.73,0.69,0.64,0.72,0.18,0.56,687.84182618896,80944.11675666663,20.4390468719252,,,,8.663700393
